rank,phrase,group,cosine
1,green light,important,0.03727643936872482
2,cooking,distractor,0.0350591242313385
3,stop sign,important,0.03488139435648918
4,galaxy,distractor,0.033035799860954285
5,left turn,important,0.028289131820201874
6,departing after stop,important,0.02520204521715641
7,abstract art,distractor,0.023993130773305893
8,going straight,important,0.02364460751414299
9,red light,important,0.023477770388126373
10,jazz music,distractor,0.021116120740771294
11,random token,distractor,0.020199371501803398
12,yellow light,important,0.01972336694598198
13,green left turn signal,important,0.019281337037682533
14,entered later,important,0.01835397072136402
15,pedestrian crossing,important,0.017029818147420883
